Time,Open,High,Low,Close,Volume,Number of trades,Taker buy base asset volume,Class,Range,Body,Volume_ratio,Price_change,Trade_intensity,MA_50,MA_200,RSI,BB_upper,BB_lower
2024-03-15 00:40:00,1.0954,1.0985,1.0942,1.0972,55353,473,38154,0,0.0042999999999999705,0.0018000000000000238,0.0,0.0,0.008545155637454158,1.0616008108108106,1.061518611111111,50.0,0.0,0.0
2024-03-15 00:41:00,1.0972,1.0982,1.0952,1.0956,25479,259,14613,0,0.0030000000000001137,-0.0016000000000000458,0.460300254728741,-0.0016000000000000458,0.010165234114368695,1.0616008108108106,1.061518611111111,50.0,0.0,0.0
2024-03-15 00:42:00,1.0956,1.0997,1.0946,1.0981,87998,513,48356,0,0.005099999999999882,0.0025000000000001688,3.4537462223792144,0.0025000000000001688,0.005829677947226074,1.0616008108108106,1.061518611111111,50.0,0.0,0.0
2024-03-15 00:43:00,1.0982,1.102,1.0976,1.0994,57724,591,39279,0,0.0044000000000001815,0.0011999999999998678,0.6559694538512238,0.0012999999999998568,0.010238375718938396,1.0616008108108106,1.061518611111111,50.0,0.0,0.0
2024-03-15 00:44:00,1.0994,1.1029,1.0994,1.1026,37300,402,24611,0,0.0035000000000000586,0.0032000000000000917,0.646178366017601,0.0032000000000000917,0.010777479892761394,1.0616008108108106,1.061518611111111,50.0,0.0,0.0
2024-03-15 00:45:00,1.1028,1.1067,1.1021,1.1046,150972,705,46275,0,0.0045999999999999375,0.0018000000000000238,4.047506702412869,0.0020000000000000018,0.004669740084254034,1.0616008108108106,1.061518611111111,50.0,0.0,0.0
2024-03-15 00:46:00,1.1041,1.1048,1.0999,1.1006,82333,580,38318,0,0.004899999999999904,-0.0035000000000000586,0.5453527806480671,-0.0040000000000000036,0.007044562933453172,1.0616008108108106,1.061518611111111,50.0,0.0,0.0
2024-03-15 00:47:00,1.1009,1.1024,1.1002,1.1005,29736,287,20063,0,0.0021999999999999797,-0.00039999999999995595,0.36116745411924744,-9.999999999998899e-05,0.009651600753295669,1.0616008108108106,1.061518611111111,50.0,0.0,0.0
2024-03-15 00:48:00,1.1005,1.1015,1.095,1.0954,73992,543,17992,0,0.00649999999999995,-0.0051000000000001044,2.4882970137207425,-0.0051000000000001044,0.007338631203373337,1.0616008108108106,1.061518611111111,50.0,0.0,0.0
2024-03-15 00:49:00,1.0954,1.0955,1.0918,1.0937,46205,463,25801,0,0.0036999999999998145,-0.0017000000000000348,0.6244594010163261,-0.0017000000000000348,0.01002056054539552,1.0616008108108106,1.061518611111111,50.0,0.0,0.0
2024-03-15 00:50:00,1.0937,1.094,1.0905,1.0914,78443,541,27750,0,0.0035000000000000586,-0.0022999999999999687,1.6977166973271292,-0.0022999999999999687,0.006896727560139209,1.0616008108108106,1.061518611111111,50.0,0.0,0.0
2024-03-15 00:51:00,1.0915,1.0964,1.0904,1.0947,73637,605,36610,0,0.006000000000000005,0.0032000000000000917,0.9387325828945858,0.0033000000000000806,0.00821597838043375,1.0616008108108106,1.061518611111111,50.0,0.0,0.0
2024-03-15 00:52:00,1.095,1.099,1.0948,1.0969,28463,303,21586,0,0.0041999999999999815,0.0019000000000000128,0.3865312275079104,0.0021999999999999797,0.010645399290306714,1.0616008108108106,1.061518611111111,50.0,0.0,0.0
2024-03-15 00:53:00,1.0972,1.0992,1.0959,1.0992,28273,304,22404,0,0.0032999999999998586,0.0020000000000000018,0.9933246671116889,0.0022999999999999687,0.010752307855551233,1.0616008108108106,1.061518611111111,50.0,0.0,0.0
2024-03-15 00:54:00,1.099,1.0998,1.0967,1.0995,29242,277,17161,0,0.0031000000000001027,0.0004999999999999449,1.0342729812895695,0.00029999999999996696,0.009472676287531633,1.0616008108108106,1.061518611111111,53.605015673981114,0.0,0.0
2024-03-15 00:55:00,1.0995,1.0997,1.094,1.0941,40284,403,6311,0,0.005699999999999816,-0.005399999999999849,1.3776075507831202,-0.005399999999999849,0.01000397180021845,1.0616008108108106,1.061518611111111,47.899159663865774,0.0,0.0
2024-03-15 00:56:00,1.0941,1.0942,1.0878,1.0906,139368,749,61043,0,0.006399999999999961,-0.0035000000000000586,3.4596365802800118,-0.0035000000000000586,0.00537426094942885,1.0616008108108106,1.061518611111111,39.78201634877374,0.0,0.0
2024-03-15 00:57:00,1.0905,1.0923,1.088,1.0914,106845,506,71277,0,0.0042999999999999705,0.0008999999999999009,0.766639400723265,0.0007999999999999119,0.004735832280406196,1.0616008108108106,1.061518611111111,38.950276243093924,0.0,0.0
2024-03-15 00:58:00,1.091,1.0948,1.0902,1.0934,63377,461,39455,0,0.0045999999999999375,0.0023999999999999577,0.5931676727970424,0.0020000000000000018,0.007273932183599729,1.0616008108108106,1.061518611111111,36.857142857142684,0.0,0.0
2024-03-15 00:59:00,1.0932,1.0932,1.0901,1.0905,21283,213,12526,0,0.0030999999999998806,-0.0026999999999999247,0.3358158322419805,-0.0028999999999999027,0.010007987595733684,1.0616008108108106,1.061518611111111,30.362116991643347,1.104611149537349,1.0883288504626512
2024-03-15 01:00:00,1.0905,1.0928,1.0893,1.0912,66887,588,25896,0,0.0035000000000000586,0.0006999999999999229,3.142743034346662,0.0006999999999999229,0.008790945923722098,1.0616008108108106,1.061518611111111,35.58282208588935,1.1046336933582899,1.0877063066417099
2024-03-15 01:01:00,1.0912,1.0932,1.0906,1.0925,38745,356,17027,0,0.0025999999999999357,0.0013000000000000789,0.5792605439024026,0.0013000000000000789,0.009188282359014066,1.0616008108108106,1.061518611111111,38.1656804733727,1.1046347508817342,1.0873952491182657
2024-03-15 01:02:00,1.0927,1.0935,1.0902,1.0908,24988,258,13393,0,0.0032999999999998586,-0.0019000000000000128,0.644934830300684,-0.0017000000000000348,0.010324955978869857,1.0616008108108106,1.061518611111111,42.43421052631583,1.1045128140950948,1.0867871859049052
2024-03-15 01:03:00,1.0907,1.0907,1.0873,1.0875,81505,609,30093,0,0.0034000000000000696,-0.0032000000000000917,3.261765647510805,-0.0033000000000000806,0.007471934237163364,1.0616008108108106,1.061518611111111,40.31249999999997,1.1044402011166519,1.085669798883348
2024-03-15 01:04:00,1.0876,1.0887,1.0824,1.0838,165212,1024,46377,0,0.006299999999999972,-0.0037999999999998035,2.0270167474388074,-0.0036999999999998145,0.006198096990533375,1.0616008108108106,1.061518611111111,38.6227544910181,1.1040671539588702,1.0841628460411297
2024-03-15 01:05:00,1.0836,1.0862,1.0833,1.0858,38944,519,23916,0,0.0029000000000001247,0.002200000000000202,0.23572137617122244,0.0020000000000000018,0.01332682826622843,1.0616008108108106,1.061518611111111,36.1370716510903,1.1024882333692159,1.0838617666307842
2024-03-15 01:06:00,1.0855,1.0859,1.0827,1.0844,51519,555,17828,0,0.0032000000000000917,-0.0010999999999998789,1.3228995480690222,-0.0014000000000000679,0.010772724625866186,1.0616008108108106,1.061518611111111,30.031948881788992,1.1017765886012936,1.0829534113987065
2024-03-15 01:07:00,1.0843,1.0845,1.0809,1.0822,46234,367,19558,0,0.0036000000000000476,-0.0020999999999999908,0.8974164871212562,-0.0021999999999999797,0.007937881212960159,1.0616008108108106,1.061518611111111,22.756410256410135,1.1010870993670565,1.0818129006329436
2024-03-15 01:08:00,1.082,1.0853,1.0815,1.0853,27261,302,20048,0,0.0038000000000000256,0.0032999999999998586,0.58963100748367,0.0030999999999998806,0.011078096915006786,1.0616008108108106,1.061518611111111,29.117647058823295,1.100767310801114,1.081122689198886
2024-03-15 01:09:00,1.0853,1.0867,1.0846,1.0855,25004,266,17552,0,0.0020999999999999908,0.00019999999999997797,0.9172077326583764,0.00019999999999997797,0.010638297872340425,1.0616008108108106,1.061518611111111,35.06944444444402,1.1005556681151347,1.0805143318848653
2024-03-15 01:10:00,1.0855,1.0868,1.0844,1.086,24099,282,13231,0,0.0023999999999999577,0.000500000000000167,0.9638057910734282,0.000500000000000167,0.011701730362255695,1.0616008108108106,1.061518611111111,41.085271317829516,1.1004767115427128,1.0800532884572873
2024-03-15 01:11:00,1.086,1.0861,1.0808,1.0813,53901,496,17424,0,0.005300000000000082,-0.0047000000000001485,2.236648823602639,-0.0047000000000001485,0.009202055620489416,1.0616008108108106,1.061518611111111,32.99663299663304,1.1003266501894844,1.0788633498105153
2024-03-15 01:12:00,1.0814,1.0826,1.0787,1.0805,109560,710,32521,0,0.0039000000000000146,-0.0008999999999999009,2.032615350364557,-0.0007999999999999119,0.006480467323840818,1.0616008108108106,1.061518611111111,27.368421052631717,1.0996615682573088,1.0778884317426913
2024-03-15 01:13:00,1.0805,1.0847,1.0803,1.0846,38060,312,29746,0,0.0043999999999999595,0.0040999999999999925,0.3473895582329317,0.0040999999999999925,0.008197582764056752,1.0616008108108106,1.061518611111111,40.067340067340055,1.097897058294162,1.0781929417058378
2024-03-15 01:14:00,1.0846,1.0847,1.081,1.0817,45147,347,13612,0,0.0037000000000000366,-0.0028999999999999027,1.1862059905412508,-0.0028999999999999027,0.007686003499678827,1.0616008108108106,1.061518611111111,35.109717868338834,1.0957909042436358,1.078519095756364
2024-03-15 01:15:00,1.0817,1.0861,1.0817,1.0845,46609,375,33210,0,0.0043999999999999595,0.0027999999999999137,1.0323831040822202,0.0027999999999999137,0.008045656418288314,1.0616008108108106,1.061518611111111,38.023952095808326,1.094733437879181,1.078616562120819
2024-03-15 01:16:00,1.0844,1.0901,1.0835,1.0889,174694,961,119723,0,0.006600000000000161,0.0044999999999999485,3.748074406230556,0.0043999999999999595,0.005501047545994711,1.0616008108108106,1.061518611111111,47.368421052631554,1.094508771834597,1.078671228165403
2024-03-15 01:17:00,1.0892,1.0929,1.0888,1.092,49031,489,31588,0,0.0040999999999999925,0.0028000000000001357,0.28066791074679154,0.0031000000000001027,0.009973282209214578,1.0616008108108106,1.061518611111111,56.267409470752355,1.0946196315704626,1.0786203684295372
2024-03-15 01:18:00,1.0918,1.0937,1.0898,1.0937,53260,497,32394,0,0.0038999999999997925,0.0018999999999997907,1.0862515551385858,0.0016999999999998128,0.009331580923770184,1.0616008108108106,1.061518611111111,64.6017699115042,1.0946890999693184,1.0785809000306816
2024-03-15 01:19:00,1.0936,1.094,1.0923,1.0929,60988,410,37168,0,0.0017000000000000348,-0.0006999999999999229,1.1450995118287646,-0.0007999999999999119,0.006722633960779169,1.0616008108108106,1.061518611111111,60.856269113149764,1.095117189338104,1.0783928106618959
2024-03-15 01:20:00,1.0928,1.0944,1.09,1.0941,84992,511,42857,0,0.0043999999999999595,0.0013000000000000789,1.3935856234013249,0.0012000000000000899,0.006012330572289157,1.0616008108108106,1.061518611111111,64.9230769230771,1.0956770034450076,1.0781229965549928
2024-03-15 01:21:00,1.0941,1.0958,1.0905,1.0914,57586,416,26729,0,0.005300000000000082,-0.0027000000000001467,0.6775461219879518,-0.0027000000000001467,0.007223978050220539,1.0616008108108106,1.061518611111111,63.93939393939378,1.0954869966016623,1.0782030033983374
2024-03-15 01:22:00,1.0919,1.0933,1.0905,1.0907,23510,256,15569,0,0.0027999999999999137,-0.0012000000000000899,0.4082589518285694,-0.0006999999999999229,0.010888983411314335,1.0616008108108106,1.061518611111111,58.82352941176483,1.095472472354277,1.078207527645723
2024-03-15 01:23:00,1.0905,1.0944,1.0902,1.0939,35279,284,31800,0,0.0041999999999999815,0.0034000000000000696,1.5005954912803063,0.0032000000000000917,0.008050114799172312,1.0616008108108106,1.061518611111111,62.50000000000025,1.0963518499369358,1.0779681500630645
2024-03-15 01:24:00,1.094,1.0943,1.0924,1.0943,30200,262,13562,0,0.0019000000000000128,0.00029999999999996696,0.8560333342781825,0.00039999999999995595,0.008675496688741721,1.0616008108108106,1.061518611111111,62.38805970149255,1.0972602476950228,1.0781097523049772
2024-03-15 01:25:00,1.0942,1.0979,1.0936,1.0954,79708,638,49822,0,0.0043000000000001926,0.0011999999999998678,2.6393377483443707,0.0010999999999998789,0.008004215386159481,1.0616008108108106,1.061518611111111,73.57859531772607,1.0982891295922161,1.078040870407784
2024-03-15 01:26:00,1.0954,1.0979,1.093,1.0964,75026,531,29841,0,0.0049000000000001265,0.001000000000000112,0.9412606011943594,0.001000000000000112,0.007077546450563805,1.0616008108108106,1.061518611111111,76.41196013289058,1.0993609823567827,1.0781690176432173
2024-03-15 01:27:00,1.0965,1.0984,1.0939,1.095,52495,406,28659,0,0.0044999999999999485,-0.0015000000000000568,0.6996907738650601,-0.0014000000000000679,0.007734069911420135,1.0616008108108106,1.061518611111111,68.97810218978105,1.099876912307139,1.078933087692861
2024-03-15 01:28:00,1.0949,1.0974,1.0925,1.0965,55013,482,38960,0,0.004899999999999904,0.0016000000000000458,1.0479664729974283,0.0015000000000000568,0.008761565448166798,1.0616008108108106,1.061518611111111,78.46153846153828,1.1007070031455466,1.079222996854453
2024-03-15 01:29:00,1.0966,1.0996,1.0961,1.0974,54651,505,17798,0,0.0034999999999998366,0.0007999999999999119,0.9934197371530366,0.0008999999999999009,0.00924045305666868,1.092192,1.061518611111111,76.76348547717822,1.101575472372029,1.079544527627971
2024-03-15 01:30:00,1.0976,1.1015,1.0962,1.0995,59893,496,27134,0,0.00529999999999986,0.0019000000000000128,1.0959177325209053,0.0020999999999999908,0.008281435226153306,1.092238,1.061518611111111,74.31192660550441,1.1027184938750771,1.0797515061249228
2024-03-15 01:31:00,1.0995,1.1014,1.0976,1.0983,64140,491,30232,0,0.0038000000000000256,-0.0011999999999998678,1.0709097891239376,-0.0011999999999998678,0.007655129404427814,1.092292,1.061518611111111,65.82914572864331,1.1029733858936215,1.081196614106379
2024-03-15 01:32:00,1.0979,1.098,1.0942,1.0942,67700,389,13523,0,0.0038000000000000256,-0.0037000000000000366,1.055503585905831,-0.0040999999999999925,0.0057459379615952735,1.092214,1.061518611111111,51.121076233184226,1.1022181632857226,1.0833218367142774
2024-03-15 01:33:00,1.0943,1.0975,1.093,1.0964,51457,420,32899,0,0.0044999999999999485,0.0020999999999999908,0.7600738552437223,0.0021999999999999797,0.008162154808869542,1.092154,1.061518611111111,57.38396624472584,1.1021077876902494,1.0846122123097508
2024-03-15 01:34:00,1.0967,1.0978,1.095,1.0959,34145,377,18105,0,0.0028000000000001357,-0.0007999999999999119,0.6635637522591679,-0.0004999999999999449,0.011041148045101772,1.09202,1.061518611111111,53.91304347826093,1.1009356582465117,1.0872043417534885
2024-03-15 01:35:00,1.0959,1.102,1.0952,1.0998,123170,594,90151,0,0.006800000000000139,0.0039000000000000146,3.6072631424805977,0.0039000000000000146,0.00482260290655192,1.0919240000000001,1.061518611111111,67.35537190082698,1.1005186885725269,1.0891513114274731
2024-03-15 01:36:00,1.0998,1.1016,1.099,1.1014,48420,418,31339,0,0.0025999999999999357,0.0015999999999998238,0.39311520662498983,0.0015999999999998238,0.008632796365138373,1.0919400000000001,1.061518611111111,71.31474103585671,1.1011448459683806,1.0897751540316196
2024-03-15 01:37:00,1.1013,1.1029,1.0985,1.1007,55613,468,27559,0,0.0043999999999999595,-0.0005999999999999339,1.1485543163981826,-0.0006999999999999229,0.00841529858126697,1.091944,1.061518611111111,65.04424778761077,1.1017925373986455,1.0899974626013547
2024-03-15 01:38:00,1.1008,1.1036,1.1008,1.1024,40180,407,26718,0,0.0027999999999999137,0.0016000000000000458,0.7224929422976643,0.0017000000000000348,0.01012941762070682,1.092084,1.061518611111111,66.94560669456095,1.1028013457479473,1.0898586542520527
2024-03-15 01:39:00,1.1024,1.1046,1.102,1.1045,21627,288,15478,0,0.0025999999999999357,0.0020999999999999908,0.538252862120458,0.0020999999999999908,0.013316687473990845,1.0923,1.061518611111111,68.27309236947835,1.104123700415474,1.0896962995845256
2024-03-15 01:40:00,1.1044,1.1044,1.1001,1.1001,37492,419,14375,0,0.0042999999999999705,-0.0042999999999999705,1.733573773523836,-0.0043999999999999595,0.011175717486397098,1.0924740000000002,1.061518611111111,56.5371024734984,1.1044307012343535,1.0899892987656465
2024-03-15 01:41:00,1.1001,1.1039,1.099,1.1024,45468,493,25616,0,0.0049000000000001265,0.0022999999999999687,1.2127387175930866,0.0022999999999999687,0.010842790534001936,1.092628,1.061518611111111,62.67123287671269,1.104790579821863,1.0907294201781372
2024-03-15 01:42:00,1.1023,1.1053,1.1017,1.1036,36396,489,17778,0,0.0036000000000000476,0.0012999999999998568,0.8004750593824228,0.0011999999999998678,0.013435542367293109,1.092762,1.061518611111111,62.283737024221566,1.1050656385026636,1.0917443614973366
2024-03-15 01:43:00,1.1038,1.1076,1.1026,1.1062,60383,698,44833,0,0.004999999999999893,0.0024000000000001798,1.6590559402132103,0.0026000000000001577,0.011559544905022937,1.092902,1.061518611111111,64.37908496732072,1.106181769848887,1.0918582301511128
2024-03-15 01:44:00,1.1062,1.1092,1.1057,1.1084,48482,546,32752,0,0.0035000000000000586,0.0021999999999999797,0.8029081032741003,0.0021999999999999797,0.011261911637308691,1.0930799999999998,1.061518611111111,64.49511400651511,1.1076642098241314,1.0917857901758683
2024-03-15 01:45:00,1.1083,1.1088,1.098,1.099,118181,834,37400,0,0.01079999999999992,-0.009300000000000086,2.4376263355472134,-0.009400000000000075,0.007056971932882612,1.093178,1.061518611111111,50.89974293059116,1.1075905229592986,1.0922194770407017
2024-03-15 01:46:00,1.0985,1.1062,1.0972,1.0976,101348,1114,65254,0,0.009000000000000119,-0.0009000000000001229,0.8575659369949484,-0.0014000000000000679,0.010991830129849627,1.093318,1.061518611111111,54.6961325966849,1.1075534330259602,1.09237656697404
2024-03-15 01:47:00,1.0982,1.1013,1.098,1.1005,41528,661,29837,0,0.0032999999999998586,0.0022999999999999687,0.40975648261435843,0.0029000000000001247,0.015916971681756886,1.0935,1.061518611111111,55.55555555555556,1.1074605554531933,1.0930194445468064
2024-03-15 01:48:00,1.1002,1.1012,1.0969,1.0988,21975,417,15845,0,0.0042999999999999705,-0.0014000000000000679,0.5291610479676363,-0.0017000000000000348,0.018976109215017065,1.093608,1.061518611111111,53.8057742782151,1.1073957759739819,1.093314224026018
2024-03-15 01:49:00,1.0985,1.0985,1.0926,1.0936,97464,840,26612,0,0.005900000000000016,-0.0049000000000001265,4.435221843003413,-0.0052000000000000934,0.008618566855454321,1.0936700000000001,1.061518611111111,42.13197969543123,1.1077273095887303,1.0926026904112698
2024-03-15 01:50:00,1.0936,1.0941,1.089,1.0909,74199,619,27922,0,0.0051000000000001044,-0.0026999999999999247,0.7612964786998276,-0.0026999999999999247,0.008342430490976967,1.093664,1.061518611111111,37.037037037037166,1.1083598783362898,1.0911101216637105
2024-03-15 01:51:00,1.0908,1.0952,1.0892,1.0929,75818,641,44545,0,0.006000000000000005,0.0020999999999999908,1.0218197010741386,0.0020000000000000018,0.008454456725315888,1.093672,1.061518611111111,40.66985645933018,1.108601917596099,1.0903280824039008
2024-03-15 01:52:00,1.093,1.095,1.0929,1.0933,30920,349,14653,0,0.0020999999999999908,0.00029999999999996696,0.40781872378590833,0.00039999999999995595,0.01128719275549806,1.093722,1.061518611111111,38.76543209876536,1.1086742109902814,1.0901657890097187
2024-03-15 01:53:00,1.093,1.0958,1.0926,1.0954,29987,315,19272,0,0.0032000000000000917,0.0023999999999999577,0.9698253557567917,0.0020999999999999908,0.010504551972521425,1.09388,1.061518611111111,38.76543209876536,1.10870338095226,1.09003661904774
2024-03-15 01:54:00,1.0953,1.0966,1.094,1.0952,28847,370,15329,0,0.0025999999999999357,-9.999999999998899e-05,0.9619835261946844,-0.00019999999999997797,0.012826290428814087,1.0941079999999999,1.061518611111111,43.250688705234026,1.1087282282439062,1.0899417717560937
2024-03-15 01:55:00,1.095,1.0964,1.0923,1.0934,54667,447,18979,0,0.0040999999999999925,-0.0016000000000000458,1.8950670780323777,-0.0018000000000000238,0.008176779409881646,1.09426,1.061518611111111,37.43016759776529,1.1087705975834665,1.0892594024165336
2024-03-15 01:56:00,1.0933,1.0947,1.0915,1.0922,23137,225,14667,0,0.0032000000000000917,-0.0010999999999998789,0.42323522417546233,-0.0011999999999998678,0.009724683407529066,1.0944159999999998,1.061518611111111,34.07821229050312,1.1086970386199437,1.0884129613800562
2024-03-15 01:57:00,1.0923,1.0981,1.0909,1.0974,45227,400,31211,0,0.007200000000000095,0.005099999999999882,1.9547478065436314,0.005199999999999871,0.008844274437835807,1.09472,1.061518611111111,38.54166666666649,1.1084924020072355,1.088287597992764
2024-03-15 01:58:00,1.0975,1.0994,1.0926,1.0954,95078,655,37263,0,0.006799999999999917,-0.0020999999999999908,2.1022398125013817,-0.0020000000000000018,0.0068890805443951285,1.094922,1.061518611111111,32.98429319371712,1.1080419787515958,1.088038021248404
2024-03-15 01:59:00,1.0954,1.0964,1.0937,1.095,35161,361,15708,0,0.0027000000000001467,-0.00039999999999995595,0.36981215423126274,-0.00039999999999995595,0.01026705725093143,1.095112,1.061518611111111,43.150684931506824,1.1071696644370002,1.0879603355629996
2024-03-15 02:00:00,1.095,1.0967,1.0937,1.0941,38237,431,19131,0,0.0030000000000001137,-0.0008999999999999009,1.0874832911464407,-0.0008999999999999009,0.01127180479640139,1.095274,1.061518611111111,43.902439024390475,1.1069110027172429,1.087618997282757
2024-03-15 02:01:00,1.0942,1.0946,1.0896,1.0913,80136,674,40889,0,0.0050000000000001155,-0.0029000000000001247,2.0957711117503988,-0.0028000000000001357,0.008410701806928222,1.095474,1.061518611111111,33.91608391608359,1.1063892561697688,1.0870307438302313
2024-03-15 02:02:00,1.0907,1.0934,1.0905,1.0934,31338,306,15396,0,0.0028999999999999027,0.0026999999999999247,0.39106019766397127,0.0020999999999999908,0.009764503159103963,1.095732,1.061518611111111,40.68965517241357,1.1054144051982697,1.0869855948017304
2024-03-15 02:03:00,1.0935,1.0961,1.0935,1.0948,27941,409,15957,0,0.0026000000000001577,0.0013000000000000789,0.8916012508775288,0.0014000000000000679,0.014637987187287498,1.095936,1.061518611111111,52.38095238095259,1.1035607794798428,1.087699220520157
2024-03-15 02:04:00,1.0947,1.0958,1.0917,1.0922,24020,265,7473,0,0.004100000000000215,-0.0024999999999999467,0.8596685873805519,-0.0025999999999999357,0.011032472939217318,1.096146,1.061518611111111,52.589641434263136,1.1001379339082609,1.089502066091739
2024-03-15 02:05:00,1.0924,1.0938,1.0916,1.0938,28052,339,13648,0,0.002200000000000202,0.0014000000000000679,1.1678601165695255,0.0016000000000000458,0.012084699843148439,1.096332,1.061518611111111,51.821862348178406,1.0995134251839136,1.0896065748160864
2024-03-15 02:06:00,1.0938,1.097,1.0936,1.0941,27593,345,16041,0,0.0034000000000000696,0.00029999999999996696,0.9836375303008699,0.00029999999999996696,0.012503171094118073,1.096436,1.061518611111111,51.626016260162885,1.0991290932803466,1.0896409067196533
2024-03-15 02:07:00,1.0941,1.0941,1.0914,1.0921,28070,316,5964,0,0.0027000000000001467,-0.0020000000000000018,1.0172869930779544,-0.0020000000000000018,0.011257570359814749,1.096438,1.061518611111111,43.265306122449196,1.0978367736993457,1.0900932263006544
2024-03-15 02:08:00,1.0921,1.093,1.0901,1.0908,14900,186,6812,0,0.0028999999999999027,-0.0013000000000000789,0.53081581759886,-0.0013000000000000789,0.012483221476510067,1.0963800000000001,1.061518611111111,41.40625000000003,1.0969568012603144,1.0901731987396854
2024-03-15 02:09:00,1.0907,1.0911,1.09,1.0903,26523,142,9160,0,0.0010999999999998789,-0.00039999999999995595,1.7800671140939597,-0.0004999999999999449,0.00535384383365381,1.096328,1.061518611111111,43.621399176954924,1.0970923819155827,1.0897076180844172
2024-03-15 02:10:00,1.0906,1.0992,1.0902,1.0953,257045,1255,150046,1,0.008999999999999897,0.0046999999999999265,9.691399917053124,0.004999999999999893,0.004882413585169912,1.096352,1.061518611111111,55.51601423487527,1.0972080503428958,1.0900319496571043
2024-03-15 02:11:00,1.0953,1.0954,1.0921,1.0925,45910,393,25074,1,0.0032999999999998586,-0.0027999999999999137,0.17860685872123558,-0.0027999999999999137,0.00856022653016772,1.096374,1.061518611111111,40.46692607003904,1.09720934459716,1.0899906554028398
2024-03-15 02:12:00,1.0925,1.0975,1.0921,1.0962,45006,542,29893,1,0.005399999999999849,0.0037000000000000366,0.9803093008059246,0.0037000000000000366,0.01204283873261343,1.096484,1.061518611111111,51.45985401459879,1.0975322222844157,1.0899577777155842
2024-03-15 02:13:00,1.0961,1.0982,1.0943,1.0957,61577,436,38847,1,0.0039000000000000146,-0.000400000000000178,1.3681953517308802,-0.000500000000000167,0.007080565795670461,1.09652,1.061518611111111,51.272727272727124,1.0975770807252605,1.0899429192747396
2024-03-15 02:14:00,1.0956,1.0959,1.0928,1.0946,31564,309,11465,1,0.0031000000000001027,-0.0009999999999998899,0.5125939880150056,-0.0010999999999998789,0.009789633759979724,1.096526,1.061518611111111,50.90252707581217,1.097508665874283,1.0899513341257172
2024-03-15 02:15:00,1.0944,1.0944,1.091,1.0916,26612,295,12803,1,0.0034000000000000696,-0.0028000000000001357,0.8431124065390951,-0.0030000000000001137,0.011085224710656847,1.09645,1.061518611111111,50.5376344086021,1.0975356926280995,1.0897443073719009
2024-03-15 02:16:00,1.0914,1.0958,1.0912,1.0946,28914,302,11497,1,0.0046000000000001595,0.0032000000000000917,1.0865023297760408,0.0030000000000001137,0.010444767240783012,1.096414,1.061518611111111,52.083333333333485,1.0976165869830579,1.0899034130169423
2024-03-15 02:17:00,1.0946,1.0967,1.0942,1.0959,25366,277,18963,1,0.0024999999999999467,0.0013000000000000789,0.8772912775817943,0.0013000000000000789,0.010920129306946306,1.0964319999999999,1.061518611111111,51.91637630662037,1.0972939216934525,1.090076078306548
2024-03-15 02:18:00,1.0957,1.0957,1.0935,1.0935,13647,177,2364,1,0.0021999999999999797,-0.0021999999999999797,0.5380036269021525,-0.0024000000000001798,0.012969883490877116,1.096372,1.061518611111111,52.28070175438568,1.0971077145690733,1.0900722854309268
2024-03-15 02:19:00,1.0935,1.0935,1.0904,1.0913,10979,144,4280,1,0.0030999999999998806,-0.0021999999999999797,0.8044991573239539,-0.0021999999999999797,0.013115948629201202,1.09625,1.061518611111111,45.70446735395165,1.0969988397586043,1.089811160241396
2024-03-15 02:20:00,1.0913,1.0914,1.09,1.0905,19930,228,9872,1,0.0013999999999998458,-0.0007999999999999119,1.815283723472083,-0.0007999999999999119,0.011440040140491721,1.09607,1.061518611111111,43.9189189189189,1.0970268693462968,1.089423130653703
2024-03-15 02:21:00,1.0905,1.0924,1.09,1.0915,147278,836,79314,1,0.0023999999999999577,0.0009999999999998899,7.389764174611139,0.0009999999999998899,0.005676339982889501,1.095934,1.061518611111111,48.95104895104868,1.0970165479982614,1.0894534520017385
2024-03-15 02:22:00,1.0913,1.0951,1.0913,1.0931,32125,316,20260,1,0.0038000000000000256,0.0018000000000000238,0.21812490663914502,0.0016000000000000458,0.009836575875486381,1.095912,1.061518611111111,53.97923875432519,1.0970011721936315,1.0894388278063687
2024-03-15 02:23:00,1.0931,1.0931,1.0865,1.0873,89512,513,19894,1,0.006599999999999939,-0.005800000000000027,2.786365758754864,-0.005800000000000027,0.005731075163106622,1.09573,1.061518611111111,45.61403508771916,1.0973790698576094,1.0883109301423908
2024-03-15 02:24:00,1.0874,1.09,1.0838,1.086,62441,600,29226,1,0.006199999999999983,-0.0013999999999998458,0.6975712753597283,-0.0012999999999998568,0.00960907096298906,1.095532,1.061518611111111,34.75409836065606,1.098005793264908,1.087064206735092
2024-03-15 02:25:00,1.0858,1.0885,1.0792,1.0801,122426,944,42490,1,0.009300000000000086,-0.005700000000000038,1.9606668695248315,-0.005900000000000016,0.007710780389786483,1.095138,1.061518611111111,31.54761904761925,1.0996069663087955,1.084093033691205
2024-03-15 02:26:00,1.0801,1.0829,1.079,1.08,115188,803,46981,1,0.0039000000000000146,-9.999999999998899e-05,0.94087857154526,-9.999999999998899e-05,0.006971212279056846,1.09471,1.061518611111111,23.00000000000024,1.1004495489723545,1.0818404510276456
2024-03-15 02:27:00,1.0794,1.0807,1.078,1.0782,100547,721,36822,1,0.0026999999999999247,-0.0011999999999998678,0.8728947459804841,-0.0018000000000000238,0.0071707758560673115,1.09426,1.061518611111111,22.044728434505117,1.1013874296990218,1.079512570300978
2024-03-15 02:28:00,1.0783,1.0811,1.0729,1.0785,269365,1581,81848,1,0.008199999999999985,0.00019999999999997797,2.678995892468199,0.00029999999999996696,0.005869359419375197,1.093782,1.061518611111111,23.60655737704934,1.1020035141591773,1.077666485840823
2024-03-15 02:29:00,1.0787,1.0795,1.072,1.0743,67207,713,17807,1,0.00749999999999984,-0.0043999999999999595,0.24950160562805115,-0.0041999999999999815,0.01060901394200009,1.093178,1.061518611111111,22.712933753943474,1.1030400028655176,1.0750299971344828
2024-03-15 02:30:00,1.0743,1.0754,1.0665,1.0691,271232,1719,83631,1,0.008899999999999908,-0.0052000000000000934,4.035770083473448,-0.0052000000000000934,0.006337747758376593,1.092558,1.061518611111111,12.389380530973384,1.1039827754676919,1.0714672245323082
2024-03-15 02:31:00,1.0691,1.0755,1.0683,1.0751,152808,1298,76710,1,0.007199999999999873,0.006000000000000005,0.5633848513449741,0.006000000000000005,0.008494319669127271,1.092012,1.061518611111111,23.056994818652626,1.1038809832392478,1.069829016760752
2024-03-15 02:32:00,1.0753,1.077,1.0689,1.0745,146655,1272,79756,1,0.008099999999999996,-0.0007999999999999119,0.9597337835715407,-0.0005999999999999339,0.008673417203641199,1.09143,1.061518611111111,24.184782608695585,1.1030523122234688,1.068487687776531
2024-03-15 02:33:00,1.0747,1.0771,1.0732,1.0743,53711,622,22404,1,0.0039000000000000146,-0.00039999999999995595,0.36624049640312295,-0.00019999999999997797,0.011580495615423283,1.090792,1.061518611111111,25.574712643678097,1.1020434653248328,1.0673565346751677
2024-03-15 02:34:00,1.0741,1.0753,1.0697,1.0704,50703,516,25373,1,0.005599999999999827,-0.0037000000000000366,0.9439965742585318,-0.0039000000000000146,0.010176912608721377,1.0900320000000001,1.061518611111111,23.482849604221514,1.1012958417380359,1.0656841582619638
2024-03-15 02:35:00,1.0704,1.0712,1.0668,1.0684,75781,821,39785,1,0.0043999999999999595,-0.0020000000000000018,1.4946058418634005,-0.0020000000000000018,0.010833850173526345,1.0894199999999998,1.061518611111111,20.308483290488525,1.1009169337240747,1.0637430662759253
2024-03-15 02:36:00,1.0685,1.0692,1.0636,1.0642,113394,941,59763,1,0.005599999999999827,-0.0042999999999999705,1.4963381322495084,-0.0041999999999999815,0.008298499038749846,1.088752,1.061518611111111,15.180722891566248,1.1001296818106083,1.0614903181893918
2024-03-15 02:37:00,1.064,1.0709,1.0636,1.0639,207015,1446,120149,1,0.007299999999999862,-9.999999999998899e-05,1.8256256944811895,-0.00029999999999996696,0.006985001086877762,1.08802,1.061518611111111,17.500000000000014,1.0985680012017331,1.0598519987982669
2024-03-15 02:38:00,1.0636,1.0697,1.0635,1.0664,96469,996,42574,1,0.006200000000000205,0.0027999999999999137,0.4660000483056783,0.0024999999999999467,0.01032456022141828,1.087372,1.061518611111111,23.655913978494468,1.0967906222362422,1.0589193777637578
2024-03-15 02:39:00,1.0663,1.0663,1.0581,1.06,244045,1287,72012,1,0.008199999999999985,-0.006299999999999972,2.5297764048554456,-0.006399999999999961,0.0052736175705300255,1.0866999999999998,1.061518611111111,23.342175066312876,1.0957143363362882,1.0568656636637117
2024-03-15 02:40:00,1.06,1.0676,1.0592,1.0637,190587,1312,84562,1,0.008400000000000185,0.0037000000000000366,0.7809502345878834,0.0037000000000000366,0.00688399523577159,1.086156,1.061518611111111,30.266343825665828,1.0939395816311552,1.055960418368845
2024-03-15 02:41:00,1.0635,1.0664,1.056,1.0576,137839,1075,50887,1,0.010399999999999965,-0.005899999999999794,0.7232340086154879,-0.006099999999999994,0.007798953851957719,1.08545,1.061518611111111,27.41228070175437,1.0920756465574937,1.0544343534425065
2024-03-15 02:42:00,1.0577,1.0616,1.0528,1.0605,265087,1564,114998,1,0.008800000000000141,0.0027999999999999137,1.9231639811664334,0.0028999999999999027,0.005899949827792385,1.084794,1.061518611111111,31.327800829875414,1.0887822142260914,1.0544677857739087
2024-03-15 02:43:00,1.061,1.0639,1.0565,1.0606,127965,908,54050,1,0.007400000000000073,-0.00039999999999995595,0.4827283118372459,9.999999999998899e-05,0.0070956902277966635,1.084098,1.061518611111111,34.467120181405775,1.086437074038351,1.0541429259616488
2024-03-15 02:44:00,1.0606,1.0617,1.0543,1.0568,123245,833,57366,1,0.007400000000000073,-0.0038000000000000256,0.9631149142343609,-0.0038000000000000256,0.0067588948841738,1.0833300000000001,1.061518611111111,35.597189695550284,1.0842606734853186,1.0533993265146813
2024-03-15 02:45:00,1.0574,1.0583,1.0486,1.0493,214953,1329,60319,1,0.009700000000000042,-0.008099999999999996,1.7441113229745628,-0.007500000000000062,0.006182746926072211,1.082448,1.061518611111111,20.814479638008862,1.0840733125141422,1.050506687485858
2024-03-15 02:46:00,1.0493,1.0547,1.0478,1.0489,185191,1335,82506,1,0.006899999999999906,-0.00039999999999995595,0.8615418254223016,-0.00039999999999995595,0.007208773644507563,1.081582,1.061518611111111,20.90909090909072,1.0833045040819085,1.0481654959180917
2024-03-15 02:47:00,1.0491,1.0508,1.04,1.0493,601497,2848,231068,1,0.01079999999999992,0.00019999999999997797,3.24798181337106,0.00039999999999995595,0.004734853207912924,1.08062,1.061518611111111,21.719457013574385,1.08229139175906,1.0462886082409404
2024-03-15 02:48:00,1.0497,1.0599,1.0494,1.0504,149801,1204,65880,1,0.010499999999999954,0.0006999999999999229,0.2490469611652261,0.001100000000000101,0.008037329523834954,1.07972,1.061518611111111,25.845410628019238,1.080600681426946,1.0451693185730542
2024-03-15 02:49:00,1.0504,1.0559,1.0493,1.0548,169240,1267,114506,1,0.006600000000000161,0.0043999999999999595,1.1297654888819166,0.0043999999999999595,0.007486409832190972,1.078916,1.061518611111111,34.47488584474874,1.0791196545731252,1.0447003454268746
2024-03-15 02:50:00,1.0551,1.0596,1.0515,1.0526,102729,1005,41597,1,0.008099999999999996,-0.0024999999999999467,0.607001890805956,-0.0021999999999999797,0.009783021347428672,1.0780859999999999,1.061518611111111,36.12440191387548,1.078424856734671,1.0437451432653286
2024-03-15 02:51:00,1.0529,1.0551,1.049,1.0502,99543,834,55132,1,0.006099999999999994,-0.0026999999999999247,0.9689863621762111,-0.0023999999999999577,0.008378288779723336,1.0772640000000002,1.061518611111111,34.39635535307505,1.0765054259187277,1.0431745740812721
2024-03-15 02:52:00,1.0498,1.0505,1.0384,1.039,374646,1880,144370,1,0.0121,-0.010800000000000143,3.7636599258611856,-0.011200000000000099,0.0050180703917831766,1.076176,1.061518611111111,23.954372623574045,1.0756904929009083,1.0404395070990917
2024-03-15 02:53:00,1.0391,1.0456,1.032,1.0376,361034,2276,165387,1,0.013600000000000056,-0.0014999999999998348,0.9636670350143869,-0.0013999999999998458,0.0063041154018735075,1.075032,1.061518611111111,26.470588235294073,1.0743728367769694,1.0380871632230306
2024-03-15 02:54:00,1.0379,1.0454,1.0366,1.0419,193242,1494,90098,1,0.008800000000000141,0.0040000000000000036,0.5352459879124958,0.0042999999999999705,0.00773123855062564,1.0740260000000001,1.061518611111111,27.385892116182433,1.072737443400601,1.036872556599399
2024-03-15 02:55:00,1.0418,1.0469,1.0391,1.0459,223228,1381,70619,1,0.007800000000000029,0.0040999999999999925,1.1551733060100806,0.0040000000000000036,0.006186499901446055,1.0730680000000001,1.061518611111111,37.31019522776563,1.070827238537842,1.036532761462158
2024-03-15 02:56:00,1.046,1.0585,1.046,1.047,319035,1627,201286,1,0.012499999999999956,0.0009999999999998899,1.4291889906284159,0.0010999999999998789,0.005099753945491874,1.072126,1.061518611111111,34.76297968397276,1.0694635826102805,1.0361764173897197
2024-03-15 02:57:00,1.0468,1.0538,1.0438,1.0477,135594,999,68352,1,0.010000000000000009,0.0009000000000001229,0.4250129296158729,0.000700000000000145,0.007367582636399841,1.0712380000000001,1.061518611111111,35.634743875278474,1.0679448542179504,1.0360751457820494
2024-03-15 02:58:00,1.0479,1.052,1.0462,1.0518,99284,923,55672,1,0.005800000000000027,0.0039000000000000146,0.7322152897620838,0.0040999999999999925,0.009296563393900326,1.070458,1.061518611111111,44.46902654867267,1.065705357789961,1.036854642210039
2024-03-15 02:59:00,1.0515,1.0558,1.0504,1.0532,98883,756,45771,1,0.005400000000000071,0.0016999999999998128,0.9959610813424117,0.0013999999999998458,0.007645399108036771,1.0697160000000001,1.061518611111111,54.98721227621489,1.0648098309480065,1.0370701690519935
2024-03-15 03:00:00,1.0539,1.0545,1.049,1.0513,77829,599,31086,1,0.00550000000000006,-0.0026000000000001577,0.7870817026182458,-0.0019000000000000128,0.007696359968649218,1.0688360000000001,1.061518611111111,52.95566502463051,1.0628301390458832,1.0378098609541166
2024-03-15 03:01:00,1.0511,1.0598,1.051,1.0574,117633,778,70516,1,0.008800000000000141,0.006299999999999972,1.5114289018232279,0.006099999999999994,0.00661379034794658,1.068134,1.061518611111111,58.74730021598276,1.0627959331375656,1.0378240668624346
2024-03-15 03:02:00,1.0574,1.0637,1.056,1.0636,87825,731,44171,1,0.00770000000000004,0.006200000000000205,0.7466017189054092,0.006200000000000205,0.008323370338741816,1.067482,1.061518611111111,62.84046692607017,1.0635463285982236,1.0373836714017763
2024-03-15 03:03:00,1.0638,1.0653,1.0614,1.0616,133391,823,58478,1,0.0039000000000000146,-0.0021999999999999797,1.5188272132080842,-0.0020000000000000018,0.006169831547855552,1.0668,1.061518611111111,56.93877551020423,1.0637659820887269,1.0372640179112733
2024-03-15 03:04:00,1.0618,1.0631,1.0594,1.0605,71574,646,33906,1,0.0037000000000000366,-0.0013000000000000789,0.5365729322068206,-0.001100000000000101,0.009025623829882359,1.0661180000000001,1.061518611111111,58.2463465553236,1.0644156077057054,1.0369843922942945
2024-03-15 03:05:00,1.0607,1.0626,1.0544,1.055,62873,556,20647,1,0.008199999999999985,-0.005700000000000038,0.8784335093749127,-0.00550000000000006,0.00884322364130867,1.065386,1.061518611111111,54.70588235294109,1.0648145298089562,1.037155470191044
2024-03-15 03:06:00,1.0545,1.0549,1.0484,1.0523,132460,1049,41339,1,0.00649999999999995,-0.0021999999999999797,2.1067866969923497,-0.0026999999999999247,0.007919371885852332,1.06454,1.061518611111111,65.64705882352953,1.064960182093386,1.037349817906614
2024-03-15 03:07:00,1.0522,1.0575,1.0468,1.0561,91895,835,44655,1,0.010700000000000154,0.0039000000000000146,0.693756605767779,0.0038000000000000256,0.009086457369824255,1.063744,1.061518611111111,70.6013363028952,1.0654420389236139,1.0375479610763858
2024-03-15 03:08:00,1.0556,1.0567,1.0495,1.0521,53888,635,26285,1,0.007199999999999873,-0.0035000000000000586,0.5864084008923227,-0.0040000000000000036,0.011783699524940617,1.062916,1.061518611111111,61.43497757847527,1.0655196594385632,1.0376403405614367
2024-03-15 03:09:00,1.0524,1.0547,1.0511,1.0523,38419,477,14385,1,0.0036000000000000476,-9.999999999998899e-05,0.7129416567695962,0.00019999999999997797,0.012415731799370104,1.062136,1.061518611111111,57.843137254901876,1.0653177065026607,1.0375922934973394
2024-03-15 03:10:00,1.0527,1.0532,1.0481,1.0504,57481,553,23857,1,0.005099999999999882,-0.0022999999999999687,1.4961607537936958,-0.0019000000000000128,0.009620570275395347,1.061334,1.061518611111111,54.08653846153852,1.0652043650648204,1.0374856349351795
2024-03-15 03:11:00,1.0506,1.0551,1.0489,1.0529,42836,431,17202,1,0.006199999999999983,0.0022999999999999687,0.7452201597049459,0.0024999999999999467,0.010061630404332804,1.060562,1.061518611111111,55.990783410138086,1.065345003274051,1.0376149967259494
2024-03-15 03:12:00,1.053,1.058,1.051,1.0559,51882,483,28170,1,0.007000000000000117,0.0029000000000001247,1.2111775142403585,0.0030000000000001137,0.009309587140048571,1.059818,1.061518611111111,54.84633569739949,1.0649960403344738,1.039653959665526
2024-03-15 03:13:00,1.0553,1.0571,1.053,1.0538,34588,378,14763,1,0.0040999999999999925,-0.0014999999999998348,0.6666666666666666,-0.0020999999999999908,0.010928645773100498,1.059148,1.061518611111111,50.69767441860482,1.0637464684732068,1.0425235315267931
2024-03-15 03:14:00,1.0536,1.0541,1.051,1.0528,42849,329,24961,1,0.0031000000000001027,-0.0008000000000001339,1.2388400601364635,-0.001000000000000112,0.007678125510513664,1.058484,1.061518611111111,51.78147268408556,1.0628888287157356,1.0444711712842643
2024-03-15 03:15:00,1.0532,1.0615,1.0519,1.0615,55874,476,42065,1,0.009600000000000053,0.008300000000000196,1.30397442180681,0.008700000000000152,0.00851916812828865,1.058112,1.061518611111111,54.586129753915166,1.0635359137570985,1.0453840862429018
2024-03-15 03:16:00,1.0616,1.0642,1.0603,1.0614,116342,724,58559,1,0.0039000000000000146,-0.00020000000000020002,2.082220710885206,-0.00010000000000021103,0.006223032095030169,1.05774,1.061518611111111,47.1502590673573,1.0640464002070487,1.0463135997929514
2024-03-15 03:17:00,1.0613,1.0623,1.0583,1.0619,37344,400,23678,1,0.0040000000000000036,0.000600000000000156,0.32098468308951195,0.000500000000000167,0.010711225364181662,1.057414,1.061518611111111,50.40431266846357,1.0645050174878388,1.0472749825121617
2024-03-15 03:18:00,1.062,1.0626,1.0539,1.0545,43282,392,13824,1,0.00869999999999993,-0.007500000000000062,1.1590081405312769,-0.007400000000000073,0.009056882768818447,1.056934,1.061518611111111,43.08755760368675,1.064452742408572,1.047597257591428
2024-03-15 03:19:00,1.0545,1.0559,1.0493,1.0511,148895,813,37893,1,0.006600000000000161,-0.0034000000000000696,3.440113673120466,-0.0034000000000000696,0.005460223647536855,1.05647,1.061518611111111,45.2784503631962,1.0645459339692627,1.0472940660307373
2024-03-15 03:20:00,1.0515,1.0528,1.0474,1.0477,85372,727,29368,1,0.005399999999999849,-0.0038000000000000256,0.573370495987105,-0.0033999999999998476,0.008515672585859533,1.0560420000000001,1.061518611111111,44.52380952380969,1.0649052432706667,1.046574756729333
2024-03-15 03:21:00,1.0475,1.0492,1.0413,1.0428,175621,1162,66808,1,0.007900000000000018,-0.0047000000000001485,2.057126458323572,-0.0049000000000001265,0.006616520803320787,1.055396,1.061518611111111,34.57076566125308,1.065800229498558,1.044219770501442
2024-03-15 03:22:00,1.0429,1.0446,1.0366,1.0433,113279,1060,56834,1,0.008000000000000007,0.00039999999999995595,0.6450196730459341,0.0004999999999999449,0.00935742723717547,1.054772,1.061518611111111,38.888888888888914,1.065194337386413,1.042795662613587
2024-03-15 03:23:00,1.0434,1.0473,1.0322,1.0341,132654,1116,50124,1,0.015099999999999891,-0.009300000000000086,1.1710378799247874,-0.009199999999999875,0.008412863539734949,1.053968,1.061518611111111,31.27572016460931,1.0663538000261346,1.0388861999738652
2024-03-15 03:24:00,1.0341,1.0384,1.0267,1.0356,444791,2727,185672,1,0.011700000000000044,0.0015000000000000568,3.3530161171167094,0.0015000000000000568,0.006130969376628574,1.053272,1.061518611111111,34.64730290456461,1.0665408723524394,1.0362091276475605
2024-03-15 03:25:00,1.0356,1.0397,1.0155,1.0235,467159,2655,162538,1,0.0242,-0.0121,1.0502887873180886,-0.0121,0.005683289843500821,1.0523740000000001,1.061518611111111,24.567474048443344,1.0693031981183103,1.0302968018816898
2024-03-15 03:26:00,1.0231,1.0308,1.0168,1.0212,317352,2342,144309,1,0.014000000000000012,-0.0018999999999997907,0.6793233139038315,-0.0022999999999999687,0.0073798179938995186,1.051514,1.061518611111111,19.614711033275313,1.0715061241073343,1.024983875892666
2024-03-15 03:27:00,1.021,1.021,1.0022,1.0068,808563,3983,346568,1,0.018799999999999928,-0.01419999999999999,2.547842773954473,-0.01440000000000019,0.004926023080452605,1.050372,1.061518611111111,16.138328530259642,1.07517599686316,1.0163840031368403
2024-03-15 03:28:00,1.0072,1.0117,0.9901,1.0065,602076,2842,226494,1,0.021600000000000064,-0.000700000000000145,0.7446247231199054,-0.00029999999999996696,0.004720334309954225,1.049174,1.061518611111111,16.302765647744124,1.0775389869352612,1.0094610130647386
2024-03-15 03:29:00,1.0061,1.018,0.9901,1.0171,436506,3156,200565,1,0.027900000000000036,0.010999999999999899,0.7250014948278954,0.010599999999999943,0.0072301411664444475,1.048316,1.061518611111111,18.555240793201165,1.077461637258404,1.0060183627415962
2024-03-15 03:30:00,1.017,1.0307,1.0161,1.0296,371295,2363,236229,1,0.014599999999999946,0.012600000000000167,0.8506068645104534,0.012500000000000178,0.006364211745377665,1.047634,1.061518611111111,30.843373493976102,1.0765708795543116,1.0048291204456883
2024-03-15 03:31:00,1.0295,1.034,1.0244,1.0324,242671,1945,141116,1,0.009600000000000053,0.0028999999999999027,0.6535800374365397,0.0027999999999999137,0.00801496676570336,1.04713,1.061518611111111,32.70808909730361,1.0752483711762328,1.004101628823767
2024-03-15 03:32:00,1.032,1.0352,1.0308,1.0328,91946,1112,48732,1,0.0043999999999999595,0.0007999999999999119,0.37889158572717796,0.00039999999999995595,0.012094055206316751,1.046576,1.061518611111111,36.14303959131543,1.0733679161953456,1.0036720838046547
2024-03-15 03:33:00,1.0326,1.0342,1.0262,1.027,119491,1228,61579,1,0.008000000000000007,-0.005600000000000049,1.2995780131816501,-0.005800000000000027,0.010276924621938055,1.045904,1.061518611111111,35.06815365551424,1.0716125794316327,1.0027474205683669
2024-03-15 03:34:00,1.0272,1.0346,1.0272,1.0329,134429,1314,51876,1,0.007400000000000073,0.005700000000000038,1.1250135993505788,0.005900000000000016,0.009774676595079931,1.045426,1.061518611111111,41.10576923076916,1.069858808344483,1.0025111916555172
2024-03-15 03:35:00,1.0328,1.038,1.0304,1.0365,113544,983,55815,1,0.007600000000000051,0.0037000000000000366,0.8446391775584138,0.0036000000000000476,0.008657436764602268,1.04517,1.061518611111111,46.153846153846175,1.0664382011740146,1.0034317988259853
2024-03-15 03:36:00,1.0372,1.0424,1.035,1.042,159284,1061,60035,1,0.007400000000000073,0.0048000000000001375,1.4028394278869865,0.00550000000000006,0.0066610582356043295,1.045032,1.061518611111111,49.25201380897592,1.0631462683249466,1.004783731675053
2024-03-15 03:37:00,1.042,1.0438,1.0382,1.0406,151229,1114,94672,1,0.005600000000000049,-0.0014000000000000679,0.9494299490218728,-0.0014000000000000679,0.007366312016875071,1.044858,1.061518611111111,54.10872313527176,1.0592011706763649,1.006598829323635
2024-03-15 03:38:00,1.0406,1.0456,1.0398,1.0443,102211,918,37626,1,0.005800000000000027,0.0037000000000000366,0.6758690462808059,0.0037000000000000366,0.008981420786412422,1.044736,1.061518611111111,55.35055350553499,1.057285647474163,1.0074943525258369
2024-03-15 03:39:00,1.0447,1.0461,1.0423,1.045,64654,821,34146,1,0.0038000000000000256,0.00029999999999996696,0.6325542260617741,0.0006999999999999229,0.012698363596993225,1.04454,1.061518611111111,65.37911301859782,1.0561511609996914,1.0080188390003084
2024-03-15 03:40:00,1.0449,1.0456,1.0412,1.0444,79180,684,28473,1,0.0044000000000001815,-0.0004999999999999449,1.2246728740681165,-0.0005999999999999339,0.008638545087143217,1.044376,1.061518611111111,67.0087976539588,1.0555771653771986,1.0082628346228013
2024-03-15 03:41:00,1.0444,1.0466,1.0431,1.0445,69208,641,33073,1,0.0035000000000000586,9.999999999998899e-05,0.8740591058348067,9.999999999998899e-05,0.009261935036411975,1.044262,1.061518611111111,84.97217068645642,1.0558383225371077,1.0081716774628924
2024-03-15 03:42:00,1.0447,1.0447,1.0365,1.0365,85525,1072,32328,1,0.008199999999999985,-0.008199999999999985,1.2357675413247025,-0.008000000000000007,0.01253434668225665,1.044212,1.061518611111111,74.35064935064933,1.0550088620355917,1.008321137964408
2024-03-15 03:43:00,1.037,1.0424,1.0365,1.0403,64708,824,26037,1,0.005900000000000016,0.0033000000000000806,0.756597486115171,0.0038000000000000256,0.012734128701242504,1.044266,1.061518611111111,71.16788321167886,1.0556177690069437,1.008332230993056
2024-03-15 03:44:00,1.0404,1.0409,1.036,1.0366,51812,569,15933,1,0.004899999999999904,-0.0038000000000000256,0.8007047042096804,-0.0037000000000000366,0.010982011889137652,1.04416,1.061518611111111,57.60869565217379,1.0557042491879531,1.0083457508120468
2024-03-15 03:45:00,1.0365,1.0425,1.0358,1.0418,154925,1216,45193,1,0.006699999999999928,0.005300000000000082,2.9901374199027253,0.0052000000000000934,0.007848959173793772,1.0440779999999998,1.061518611111111,59.710743801652924,1.0566464858990978,1.0092335141009021
2024-03-15 03:46:00,1.0418,1.0477,1.0407,1.0446,123203,853,85314,1,0.007000000000000117,0.0027999999999999137,0.79524285944812,0.0027999999999999137,0.006923532706184103,1.04403,1.061518611111111,61.614173228346445,1.0576862503156732,1.0105337496843265
2024-03-15 03:47:00,1.0446,1.0452,1.0412,1.0442,53789,507,25613,1,0.0040000000000000036,-0.00039999999999995595,0.43658839476311456,-0.00039999999999995595,0.009425719013181134,1.04396,1.061518611111111,68.94273127753311,1.056117798970303,1.0158422010296968
2024-03-15 03:48:00,1.0441,1.0465,1.0409,1.044,83037,649,29521,1,0.005600000000000049,-9.999999999998899e-05,1.5437542992061575,-0.00019999999999997797,0.007815792959764924,1.043804,1.061518611111111,63.97984886649885,1.0527313995361045,1.0229786004638954
2024-03-15 03:49:00,1.0441,1.0455,1.0432,1.0439,41848,445,16056,1,0.0023000000000001908,-0.00019999999999997797,0.5039681106012982,-9.999999999998899e-05,0.010633722041674632,1.043618,1.061518611111111,60.22099447513822,1.0506296610655552,1.0277603389344445
2024-03-15 03:50:00,1.0436,1.0472,1.0426,1.0461,36700,489,21269,1,0.0045999999999999375,0.0024999999999999467,0.8769833683808067,0.0021999999999999797,0.01332425068119891,1.043514,1.061518611111111,56.23100303951368,1.0509076753112925,1.0291323246887074
2024-03-15 03:51:00,1.046,1.0472,1.0407,1.0416,45352,540,20040,1,0.00649999999999995,-0.0043999999999999595,1.23574931880109,-0.0044999999999999485,0.011906861880402188,1.043198,1.061518611111111,51.38888888888905,1.0507732987909573,1.0301867012090429
2024-03-15 03:52:00,1.0416,1.043,1.0379,1.0403,59240,581,21610,1,0.005099999999999882,-0.0013000000000000789,1.306226847768566,-0.0013000000000000789,0.009807562457798784,1.042732,1.061518611111111,44.047619047619015,1.0504960252785154,1.0312139747214848
2024-03-15 03:53:00,1.04,1.0426,1.0376,1.0403,72127,678,27160,1,0.004999999999999893,0.00029999999999996696,1.2175388251181634,0.0,0.009400085959488125,1.042306,1.061518611111111,42.85714285714296,1.0486431571947397,1.0343968428052603
2024-03-15 03:54:00,1.0402,1.0415,1.0384,1.0389,25804,359,11693,1,0.0031000000000001027,-0.0013000000000000789,0.3577578438032914,-0.0014000000000000679,0.01391257169431096,1.041874,1.061518611111111,41.839762611275894,1.0478335286077067,1.0358064713922932
2024-03-15 03:55:00,1.0389,1.0405,1.0357,1.0365,60976,570,21147,1,0.0047999999999999154,-0.0023999999999999577,2.3630444892264766,-0.0023999999999999577,0.009347940173182892,1.041504,1.061518611111111,38.888888888888886,1.0478335286077067,1.0358064713922932
2024-03-15 03:56:00,1.0366,1.0388,1.0352,1.0354,42670,408,20971,1,0.0036000000000000476,-0.0011999999999998678,0.6997835213854632,-0.0010999999999998789,0.009561752988047808,1.0411659999999998,1.061518611111111,48.10996563573904,1.048151404941106,1.034828595058894
2024-03-15 03:57:00,1.0356,1.0368,1.0297,1.0321,122800,820,42777,1,0.007099999999999884,-0.0035000000000000586,2.8779001640496835,-0.0033000000000000806,0.006677524429967427,1.040686,1.061518611111111,35.66433566433567,1.0489396161142808,1.0331903838857195
2024-03-15 03:58:00,1.0323,1.0355,1.0297,1.0311,64869,548,20403,1,0.005800000000000027,-0.0012000000000000899,0.5282491856677525,-0.001000000000000112,0.0084477947864157,1.040266,1.061518611111111,39.38223938223928,1.0492863168772206,1.0315236831227794
2024-03-15 03:59:00,1.0314,1.0358,1.03,1.0353,74881,737,32199,1,0.005800000000000027,0.0039000000000000146,1.1543418273751715,0.004200000000000204,0.009842283089168147,1.039926,1.072626,36.9477911646588,1.0488041905711876,1.0310358094288123
2024-03-15 04:00:00,1.0352,1.0378,1.034,1.0371,115359,774,63771,1,0.0038000000000000256,0.0019000000000000128,1.5405643621212324,0.0017999999999998018,0.006709489506670481,1.03966,1.0723255,34.30962343096223,1.0482622806800987,1.0308477193199013
2024-03-15 04:01:00,1.037,1.0376,1.03,1.0301,109504,975,31947,1,0.007600000000000051,-0.006899999999999906,0.949245399145277,-0.006999999999999895,0.008903784336645237,1.039204,1.071998,26.885245901639323,1.0481787905077409,1.0294912094922595
2024-03-15 04:02:00,1.0303,1.0316,1.0238,1.0267,130038,1140,44534,1,0.007800000000000029,-0.0036000000000000476,1.1875182641729982,-0.0034000000000000696,0.008766668204678632,1.03862,1.071641,24.332344213649762,1.0491222616383276,1.0275677383616726
2024-03-15 04:03:00,1.0275,1.0324,1.0249,1.0281,123255,1081,49597,1,0.007500000000000062,0.0005999999999999339,0.9478383241821622,0.0014000000000000679,0.008770435276459373,1.038106,1.0712845,27.42857142857146,1.049391536454075,1.0260784635459252
2024-03-15 04:04:00,1.0283,1.0292,1.0223,1.0223,106983,808,30561,1,0.006899999999999906,-0.006000000000000005,0.8679810149689667,-0.005800000000000027,0.007552601815241674,1.037496,1.070883,19.170984455958646,1.050570156340132,1.0234698436598682
2024-03-15 04:05:00,1.0224,1.0237,1.0174,1.0192,127721,1122,57597,1,0.006299999999999972,-0.0031999999999998696,1.19384388173822,-0.0030999999999998806,0.008784773060029283,1.0366499999999998,1.070456,19.892473118279696,1.0513907504062805,1.0203892495937195
2024-03-15 04:06:00,1.0192,1.0244,1.0147,1.0241,480730,2796,220678,1,0.009700000000000042,0.004899999999999904,3.7639072666202114,0.004899999999999904,0.005816154598215214,1.035904,1.0700735,30.147058823529406,1.0506492393078106,1.0190807606921897
2024-03-15 04:07:00,1.0234,1.0305,1.0233,1.0293,140496,1070,75154,1,0.007199999999999873,0.005900000000000016,0.29225552805108895,0.0052000000000000934,0.007615875185058649,1.035252,1.0697175,38.04347826086969,1.0494490367740759,1.0187909632259244
2024-03-15 04:08:00,1.0293,1.0306,1.0243,1.0293,94618,884,38873,1,0.006299999999999972,0.0,0.6734568955699807,0.0,0.009342831173772432,1.034748,1.0693869999999999,39.23766816143515,1.0481174596867247,1.0186525403132753
2024-03-15 04:09:00,1.0294,1.0312,1.0272,1.0276,71826,608,29524,1,0.0040000000000000036,-0.0018000000000000238,0.7591156016825551,-0.0017000000000000348,0.008464901289226742,1.034278,1.0690565,39.86332574031903,1.046641860685702,1.018498139314298
2024-03-15 04:10:00,1.0276,1.0319,1.0271,1.03,80633,754,38363,1,0.0048000000000001375,0.0023999999999999577,1.122615765878651,0.0023999999999999577,0.009351010132327956,1.0339239999999998,1.0687495,44.026548672566314,1.0443403769431803,1.0191896230568198
2024-03-15 04:11:00,1.0301,1.0325,1.0288,1.0317,45597,405,30325,1,0.0037000000000000366,0.0016000000000000458,0.5654880756018007,0.0017000000000000348,0.008882163300217119,1.033702,1.0684345,49.54128440366978,1.0429638310322342,1.019576168967766
2024-03-15 04:12:00,1.0317,1.0384,1.031,1.0382,59818,480,31249,1,0.007400000000000073,0.00649999999999995,1.3118845538083646,0.00649999999999995,0.008024340499515196,1.0336,1.068141,57.23014256619157,1.0425510995585763,1.019778900441424
2024-03-15 04:13:00,1.0381,1.0404,1.0377,1.0388,75592,666,31993,1,0.0026999999999999247,0.0006999999999999229,1.2636998896653182,0.0005999999999999339,0.008810456132924119,1.033694,1.067839,53.846153846153705,1.0422400578237783,1.0199399421762219
2024-03-15 04:14:00,1.0389,1.0438,1.0375,1.0432,61118,576,31527,1,0.006299999999999972,0.0042999999999999705,0.8085247116096942,0.0043999999999999595,0.009424392159429302,1.0338459999999998,1.0675575,56.34095634095635,1.0432281707192306,1.0193818292807697
2024-03-15 04:15:00,1.0431,1.0431,1.0387,1.0406,172564,1133,71158,1,0.0043999999999999595,-0.0024999999999999467,2.8234562649301354,-0.0025999999999999357,0.006565679979601771,1.034188,1.06729,62.01372997711669,1.0439394895521186,1.0190805104478813
2024-03-15 04:16:00,1.0405,1.0432,1.0395,1.0403,85261,545,40847,1,0.0036999999999998145,-0.00019999999999997797,0.4940833545814886,-0.00029999999999996696,0.006392137084950915,1.03457,1.0670385,66.74876847290658,1.0446902191607548,1.0188197808392452
2024-03-15 04:17:00,1.0403,1.0426,1.0354,1.0375,71889,621,26318,1,0.007199999999999873,-0.0027999999999999137,0.8431639319266723,-0.0027999999999999137,0.008638317406000918,1.035184,1.066769,61.19047619047639,1.0452134917935823,1.0188365082064177
2024-03-15 04:18:00,1.0375,1.0422,1.0371,1.041,54181,554,24228,1,0.0051000000000001044,0.0034999999999998366,0.7536758057560962,0.0034999999999998366,0.010224986618925454,1.035874,1.066507,73.55163727959726,1.0462925279566138,1.0187474720433864
2024-03-15 04:19:00,1.041,1.0421,1.036,1.038,74941,664,41403,1,0.006099999999999994,-0.0029999999999998916,1.3831601483915026,-0.0029999999999998916,0.008860303438705114,1.036292,1.0662445,73.737373737374,1.0465941874715972,1.0187158125284026
2024-03-15 04:20:00,1.0382,1.0428,1.038,1.0418,77438,717,48267,1,0.0047999999999999154,0.0036000000000000476,1.033319544708504,0.0038000000000000256,0.009259020119321263,1.036536,1.0659975,72.98701298701333,1.0472953937266902,1.0184846062733095
2024-03-15 04:21:00,1.0416,1.0422,1.0362,1.0394,152867,1057,91545,1,0.006000000000000005,-0.0021999999999999797,1.974056664686588,-0.0023999999999999577,0.00691450738223423,1.0366760000000002,1.065732,64.14565826330556,1.0479799210524154,1.0187300789475842
2024-03-15 04:22:00,1.0394,1.0418,1.0354,1.0417,93750,844,55331,1,0.006399999999999961,0.0022999999999999687,0.6132782091622129,0.0022999999999999687,0.009002666666666667,1.036854,1.0654865,66.31578947368445,1.0488310563913774,1.0193789436086227
2024-03-15 04:23:00,1.0414,1.0415,1.0359,1.0395,117191,690,48271,1,0.005600000000000049,-0.0019000000000000128,1.2500373333333332,-0.0021999999999999797,0.0058878241503187104,1.037104,1.0652465,65.45454545454575,1.0493045843017508,1.0200454156982497
2024-03-15 04:24:00,1.039,1.0403,1.0372,1.0373,61060,420,16960,1,0.0031000000000001027,-0.0016999999999998128,0.5210297719108122,-0.0021999999999999797,0.006878480183426138,1.0371920000000001,1.0650140000000001,59.530026109660845,1.0488736743623746,1.0219763256376255
2024-03-15 04:25:00,1.0374,1.0374,1.0332,1.0353,110500,775,37043,1,0.004200000000000204,-0.0020999999999999908,1.8096953815918768,-0.0020000000000000018,0.007013574660633484,1.037168,1.0647615,54.663212435233305,1.0473079249434432,1.0251520750565568
2024-03-15 04:26:00,1.0353,1.039,1.0342,1.0352,41624,604,21306,1,0.0047999999999999154,-0.00010000000000021103,0.37668778280542986,-0.00010000000000021103,0.014510859119738612,1.0370320000000002,1.0645155,45.34161490683206,1.0463071127686494,1.0272628872313503
2024-03-15 04:27:00,1.0352,1.0385,1.0352,1.0367,60234,607,19229,1,0.0033000000000000806,0.0015000000000000568,1.4470978281760523,0.0015000000000000568,0.010077364943387455,1.036954,1.064288,46.82779456193352,1.046003782253415,1.0283062177465847
2024-03-15 04:28:00,1.037,1.0377,1.0342,1.0361,59430,467,15175,1,0.0035000000000000586,-0.0008999999999999009,0.9866520569777867,-0.0005999999999999339,0.007857984183072523,1.03679,1.064042,37.88395904436865,1.0455609061552438,1.0294290938447563
2024-03-15 04:29:00,1.0361,1.0372,1.0356,1.0356,18651,252,7985,1,0.0015999999999998238,-0.0004999999999999449,0.3138313982836951,-0.0004999999999999449,0.013511339874537558,1.036602,1.0637925000000001,40.808823529411846,1.0445679540526973,1.0312220459473027
2024-03-15 04:30:00,1.0356,1.0377,1.0356,1.0373,55404,453,24037,1,0.0020999999999999908,0.0017000000000000348,2.9705645809876144,0.0017000000000000348,0.008176304959930691,1.03646,1.063549,44.7552447552449,1.043820537649122,1.0326994623508778
2024-03-15 04:31:00,1.0372,1.0393,1.0345,1.0347,113384,746,57785,1,0.0047999999999999154,-0.0024999999999999467,2.04649483791784,-0.0026000000000001577,0.006579411557186199,1.036264,1.063316,45.07042253521102,1.0433530014321089,1.0334669985678913
2024-03-15 04:32:00,1.0347,1.0361,1.0316,1.0343,75816,673,37382,1,0.0044999999999999485,-0.00039999999999995595,0.6686657729485642,-0.00039999999999995595,0.008876754247124618,1.0362200000000001,1.063085,36.758893280632606,1.0434894767762397,1.03294052322376
2024-03-15 04:33:00,1.0342,1.0342,1.0287,1.0306,102282,732,44451,1,0.00550000000000006,-0.0036000000000000476,1.3490819879708769,-0.0037000000000000366,0.007156684460608905,1.0360260000000001,1.062815,35.76923076923076,1.0440698476269905,1.0315401523730097
2024-03-15 04:34:00,1.0302,1.033,1.0296,1.0301,44109,566,19025,1,0.0033999999999998476,-9.999999999998899e-05,0.4312489000997243,-0.0004999999999999449,0.012831848375614954,1.0358960000000002,1.062557,24.22907488986793,1.0437691110867608,1.0305308889132392
2024-03-15 04:35:00,1.0302,1.0317,1.0269,1.0286,54791,555,28454,1,0.0048000000000001375,-0.0016000000000000458,1.2421727992019769,-0.0015000000000000568,0.0101294008140023,1.0356319999999999,1.0622775,25.229357798165097,1.0439783950239274,1.0291216049760727
2024-03-15 04:36:00,1.0288,1.0291,1.0231,1.0259,110201,848,36200,1,0.006000000000000005,-0.0028999999999999027,2.011297475862824,-0.0026999999999999247,0.007695029990653442,1.0352579999999998,1.0619625000000001,14.41441441441468,1.044427453723414,1.0272325462765861
2024-03-15 04:37:00,1.0262,1.0266,1.0232,1.0243,59375,583,21450,1,0.0033999999999998476,-0.0019000000000000128,0.5387882142630285,-0.0016000000000000458,0.009818947368421052,1.0348600000000001,1.061624,14.814814814815051,1.0451440927565228,1.0251959072434775
2024-03-15 04:38:00,1.0247,1.0259,1.0183,1.0208,81788,641,27115,1,0.007600000000000051,-0.0039000000000000146,1.3774821052631578,-0.0035000000000000586,0.0078373355504475,1.034396,1.0612595,13.973799126637743,1.0456275560650554,1.0226924439349445
2024-03-15 04:39:00,1.0207,1.0253,1.019,1.0209,97381,869,42240,1,0.006300000000000194,0.00019999999999997797,1.1906514403090918,9.999999999998899e-05,0.008923712017744735,1.033936,1.0608995,15.714285714285836,1.0460462260832772,1.0205637739167226
2024-03-15 04:40:00,1.0211,1.0233,1.0174,1.0207,98771,817,35290,1,0.005900000000000016,-0.00039999999999995595,1.014273831650938,-0.00019999999999997797,0.00827165868524162,1.033428,1.0605325,15.639810426540578,1.0455130868836835,1.0189869131163167
2024-03-15 04:41:00,1.0207,1.0209,1.0145,1.0154,74631,683,28313,1,0.006399999999999961,-0.00529999999999986,0.7555962782598131,-0.00529999999999986,0.00915169299620801,1.0329039999999998,1.0601525,7.228915662650721,1.0458438109392132,1.0162561890607869
2024-03-15 04:42:00,1.0157,1.0238,1.0157,1.0235,103014,786,59225,1,0.008099999999999996,0.007800000000000029,1.3803111307633558,0.008099999999999996,0.007630030869590541,1.0325680000000002,1.0598165,30.555555555555642,1.04440506959416,1.0158749304058396
2024-03-15 04:43:00,1.0237,1.0258,1.0189,1.0197,59140,593,25879,1,0.006900000000000128,-0.0040000000000000036,0.5740967247170288,-0.0038000000000000256,0.010027054447074737,1.032156,1.0594454999999998,27.73109243697479,1.0434282130682018,1.0148717869317982
2024-03-15 04:44:00,1.0199,1.0203,1.0146,1.0146,75398,656,27268,1,0.005700000000000038,-0.005300000000000082,1.2749070003381806,-0.0051000000000001044,0.00870049603437757,1.03167,1.059047,20.971867007672515,1.0431486884570718,1.0128813115429285
2024-03-15 04:45:00,1.0147,1.0235,1.0147,1.0231,115625,1024,53782,1,0.008800000000000141,0.008399999999999963,1.5335287408154064,0.008499999999999952,0.008856216216216217,1.031402,1.0586855,37.11111111111103,1.0422836636355173,1.012526336364483
2024-03-15 04:46:00,1.0231,1.0267,1.0164,1.0184,110269,912,46727,1,0.010299999999999976,-0.0046999999999999265,0.9536778378378379,-0.0046999999999999265,0.008270683510324752,1.031062,1.0582955,33.87423935091272,1.041487575620777,1.0116424243792232
2024-03-15 04:47:00,1.0186,1.0219,1.0171,1.0176,197809,1285,84735,1,0.0048000000000001375,-0.0009999999999998899,1.7938767922081456,-0.0007999999999999119,0.0064961654929755475,1.030772,1.0579085000000001,35.99137931034487,1.0402434728043515,1.0109765271956483
2024-03-15 04:48:00,1.0183,1.0235,1.0174,1.0215,117233,915,62253,1,0.006099999999999994,0.0032000000000000917,0.5926575636093403,0.0039000000000000146,0.007804969590473672,1.03058,1.0575335,41.36546184738959,1.0387466734143,1.0110133265857
2024-03-15 04:49:00,1.021,1.0244,1.0181,1.0233,63942,564,26665,1,0.006299999999999972,0.0023000000000001908,0.5454266290208388,0.0018000000000000238,0.008820493572299897,1.03034,1.057163,44.71057884231549,1.0371887887552136,1.0113412112447868
2024-03-15 04:50:00,1.0236,1.0259,1.0207,1.0208,59232,525,19164,1,0.0052000000000000934,-0.0028000000000001357,0.9263394951674956,-0.0025000000000001688,0.008863452188006483,1.030014,1.0567695,44.88977955911814,1.0348818253972414,1.0119981746027589
2024-03-15 04:51:00,1.0209,1.0222,1.0175,1.021,66521,607,26615,1,0.0046999999999999265,9.999999999998899e-05,1.1230584819016747,0.00019999999999997797,0.009124937989507073,1.029832,1.056383,46.59793814432981,1.032928541535194,1.0125814584648056
2024-03-15 04:52:00,1.021,1.0245,1.0201,1.0219,40184,439,16142,1,0.0043999999999999595,0.0009000000000001229,0.6040799146134304,0.0009000000000001229,0.010924746167628906,1.029736,1.0560215,51.19825708061013,1.0307359240629566,1.0135340759370435
2024-03-15 04:53:00,1.022,1.0278,1.0215,1.0258,74849,650,51927,1,0.006299999999999972,0.0038000000000000256,1.8626567788174397,0.0039000000000000146,0.00868415075685714,1.02969,1.0556685000000001,54.92957746478885,1.0297356430992892,1.0140543569007112
2024-03-15 04:54:00,1.0258,1.0258,1.0213,1.0216,45498,494,24361,1,0.0044999999999999485,-0.0041999999999999815,0.6078638325161325,-0.0041999999999999815,0.010857620115169898,1.029676,1.0552970000000002,50.83798882681575,1.028293519696794,1.0146464803032063
2024-03-15 04:55:00,1.0219,1.0225,1.0186,1.0204,153917,498,34402,1,0.0039000000000000146,-0.0015000000000000568,3.382939909446569,-0.0012000000000000899,0.0032355100476230696,1.0297,1.0549,55.040322580645025,1.0270090468055508,1.0151109531944489
2024-03-15 04:56:00,1.02,1.0252,1.0199,1.0229,73703,563,54164,1,0.00529999999999986,0.0028999999999999027,0.4788489900400865,0.0024999999999999467,0.007638766400282214,1.029676,1.0545075,49.31818181818164,1.0264847173636078,1.0153352826363922
2024-03-15 04:57:00,1.0229,1.025,1.0195,1.0205,29389,336,16937,1,0.005499999999999838,-0.0023999999999999577,0.3987490332822273,-0.0023999999999999577,0.011432849025145462,1.0295,1.0541064999999998,50.93896713615013,1.0260624220803032,1.015377577919697
2024-03-15 04:58:00,1.0198,1.0222,1.0169,1.0204,49299,413,18852,1,0.005300000000000082,0.0005999999999999339,1.6774643574126373,-9.999999999998899e-05,0.008377451875291589,1.0293219999999998,1.0536965,57.712765957446834,1.0260441556863458,1.0153558443136546
2024-03-15 04:59:00,1.0205,1.0218,1.0189,1.019,17927,252,6726,1,0.0029000000000001247,-0.0015000000000000568,0.3636382076715552,-0.0014000000000000679,0.014057008980866849,1.02915,1.053269,43.278688524590216,1.0260014803344308,1.0152085196655691
2024-03-15 05:00:00,1.0189,1.0261,1.0179,1.0257,77974,538,47689,1,0.008199999999999985,0.006800000000000139,4.349528643944888,0.00670000000000015,0.006899735809372355,1.029064,1.052897,61.23076923076921,1.0267134981010408,1.0149965018989588
2024-03-15 05:01:00,1.0258,1.0326,1.025,1.0296,124586,916,64585,1,0.007600000000000051,0.0038000000000000256,1.597789006591941,0.0039000000000000146,0.007352350986467179,1.0290219999999999,1.052533,66.85393258426943,1.0280484282679123,1.0150815717320878
2024-03-15 05:02:00,1.03,1.0367,1.029,1.0362,93423,775,67282,1,0.00770000000000004,0.006199999999999983,0.7498675613632351,0.006599999999999939,0.00829560172548516,1.028982,1.052196,69.19060052219291,1.0313999999999948,1.0130000000000052
2024-03-15 05:03:00,1.0362,1.0392,1.0346,1.0371,135934,997,51396,1,0.0045999999999999375,0.0008999999999999009,1.4550378386478704,0.0008999999999999009,0.007334441714361381,1.028948,1.0518505,68.44919786096216,1.0343339340608078,1.0118060659391925
2024-03-15 05:04:00,1.0371,1.0377,1.0321,1.0355,76753,597,29100,1,0.005600000000000049,-0.0015999999999998238,0.5646343078258567,-0.0015999999999998238,0.007778197594882285,1.028794,1.051486,70.13698630137009,1.0359345689653312,1.0122954310346686
2024-03-15 05:05:00,1.0356,1.0366,1.0318,1.0329,81033,751,32256,1,0.0047999999999999154,-0.0027000000000001467,1.055763292640027,-0.0026000000000001577,0.009267829156022854,1.02864,1.0511555,65.29562982005137,1.0370437298386896,1.0121662701613103
2024-03-15 05:06:00,1.033,1.0446,1.033,1.0435,144783,882,83064,1,0.011600000000000055,0.010500000000000176,1.7867165228980786,0.010600000000000165,0.00609187542736371,1.028704,1.050885,72.2222222222222,1.0405278883063764,1.0111921116936236
2024-03-15 05:07:00,1.0436,1.0449,1.0414,1.0441,70357,608,32591,1,0.0034999999999998366,0.0004999999999999449,0.4859479358764496,0.0005999999999999339,0.008641641911963273,1.028836,1.050603,70.19867549668868,1.0434156111050086,1.0109543888949915
2024-03-15 05:08:00,1.044,1.0448,1.0404,1.0439,76011,512,33294,1,0.0043999999999999595,-9.999999999998899e-05,1.080361584490527,-0.00019999999999997797,0.006735867177119101,1.028894,1.0503285,76.99757869249386,1.0459165362909157,1.0106934637090843
2024-03-15 05:09:00,1.0439,1.046,1.0437,1.0453,59646,469,30125,1,0.0022999999999999687,0.0013999999999998458,0.7847022141532146,0.0013999999999998458,0.007863058713073802,1.02904,1.050087,80.0,1.0483945788595506,1.0104154211404497
2024-03-15 05:10:00,1.0452,1.0507,1.0448,1.0494,106788,723,67608,1,0.005900000000000016,0.004200000000000204,1.7903631425409918,0.004100000000000215,0.006770423643105967,1.029192,1.0498795,80.74245939675185,1.051342895783664,1.0103271042163364
